id,label,timestamp
1,Mask,2026-04-09 20:47:55
2,Mask,2026-04-09 20:47:55
3,Mask,2026-04-09 20:47:55
4,Mask,2026-04-09 20:57:38
5,Mask,2026-04-09 20:57:38
6,Mask,2026-04-09 20:57:38
7,Mask,2026-04-09 20:57:38
8,Mask,2026-04-09 20:57:39
9,Mask,2026-04-09 20:57:39
10,Mask,2026-04-09 20:57:39
11,Mask,2026-04-09 20:57:39
12,Mask,2026-04-09 20:57:39
13,Mask,2026-04-09 20:57:40
14,Mask,2026-04-09 20:57:40
15,Mask,2026-04-09 20:57:40
16,Mask,2026-04-09 20:57:40
17,Mask,2026-04-09 20:57:40
18,Mask,2026-04-09 20:57:41
19,Mask,2026-04-09 20:57:41
20,Mask,2026-04-09 20:57:41
21,No Mask,2026-04-09 20:57:41
22,Mask,2026-04-09 20:57:41
23,Mask,2026-04-09 20:57:41
24,Mask,2026-04-09 20:57:42
25,No Mask,2026-04-09 20:57:42
26,Mask,2026-04-09 20:57:42
27,Mask,2026-04-09 20:57:42
28,Mask,2026-04-09 20:57:43
29,Mask,2026-04-09 20:57:43
30,Mask,2026-04-09 20:57:43
31,Mask,2026-04-09 20:57:43
32,Mask,2026-04-09 20:57:43
33,Mask,2026-04-09 20:57:44
34,Mask,2026-04-09 20:57:44
35,Mask,2026-04-09 20:57:44
36,Mask,2026-04-09 20:57:44
37,Mask,2026-04-09 20:57:44
38,Mask,2026-04-09 20:57:45
39,Mask,2026-04-09 20:57:45
40,Mask,2026-04-09 20:57:45
41,Mask,2026-04-09 20:57:45
42,Mask,2026-04-09 20:57:45
43,Mask,2026-04-09 20:57:46
44,Mask,2026-04-09 20:57:46
45,Mask,2026-04-09 20:57:46
46,Mask,2026-04-09 20:57:46
47,Mask,2026-04-09 20:57:46
48,Mask,2026-04-09 20:57:46
49,Mask,2026-04-09 20:57:47
50,Mask,2026-04-09 20:57:47
51,No Mask,2026-04-09 20:57:47
52,Mask,2026-04-09 20:57:47
53,Mask,2026-04-09 20:57:47
54,Mask,2026-04-09 20:57:47
55,Mask,2026-04-09 20:57:47
56,Mask,2026-04-09 20:57:47
57,No Mask,2026-04-09 20:57:47
58,No Mask,2026-04-09 20:57:47
59,No Mask,2026-04-09 20:57:47
60,No Mask,2026-04-09 20:57:48
61,Mask,2026-04-09 20:57:48
62,Mask,2026-04-09 20:57:48
63,Mask,2026-04-09 20:57:48
64,Mask,2026-04-09 20:57:48
65,Mask,2026-04-09 20:57:48
66,Mask,2026-04-09 20:57:48
67,Mask,2026-04-09 20:57:48
68,Mask,2026-04-09 20:57:48
69,No Mask,2026-04-09 20:57:48
70,Mask,2026-04-09 20:57:48
71,Mask,2026-04-09 20:57:49
72,No Mask,2026-04-09 20:57:49
73,Mask,2026-04-09 20:57:49
74,No Mask,2026-04-09 20:57:49
75,Mask,2026-04-09 20:57:49
76,Mask,2026-04-09 20:57:49
77,Mask,2026-04-09 20:57:49
78,Mask,2026-04-09 20:57:49
79,Mask,2026-04-09 20:57:49
80,Mask,2026-04-09 20:57:49
81,Mask,2026-04-09 20:57:50
82,Mask,2026-04-09 20:57:50
83,Mask,2026-04-09 20:57:50
84,Mask,2026-04-09 20:57:50
85,Mask,2026-04-09 20:57:50
86,Mask,2026-04-09 20:57:50
87,Mask,2026-04-09 20:57:50
88,Mask,2026-04-09 20:57:50
89,Mask,2026-04-09 20:57:50
90,Mask,2026-04-09 20:57:51
91,Mask,2026-04-09 20:57:51
92,Mask,2026-04-09 20:57:51
93,Mask,2026-04-09 20:57:51
94,Mask,2026-04-09 20:57:51
95,No Mask,2026-04-09 20:57:51
96,Mask,2026-04-09 20:57:51
97,Mask,2026-04-09 20:57:52
98,Mask,2026-04-09 20:57:52
99,Mask,2026-04-09 20:57:52
100,Mask,2026-04-09 20:57:52
101,Mask,2026-04-09 20:57:52
102,Mask,2026-04-09 20:57:52
103,Mask,2026-04-09 20:57:52
104,Mask,2026-04-09 20:57:53
105,Mask,2026-04-09 20:57:53
106,Mask,2026-04-09 20:57:53
107,Mask,2026-04-09 20:57:53
108,Mask,2026-04-09 20:57:53
109,Mask,2026-04-09 20:57:53
110,Mask,2026-04-09 20:57:54
111,Mask,2026-04-09 20:57:54
112,Mask,2026-04-09 20:57:54
113,Mask,2026-04-09 20:57:54
114,Mask,2026-04-09 20:57:54
115,Mask,2026-04-09 20:57:54
116,Mask,2026-04-09 20:57:54
117,Mask,2026-04-09 20:57:55
118,Mask,2026-04-09 20:57:55
119,Mask,2026-04-09 20:57:55
120,Mask,2026-04-09 20:57:55
121,Mask,2026-04-09 20:57:55
122,Mask,2026-04-09 20:57:55
123,Mask,2026-04-09 20:57:56
124,Mask,2026-04-09 20:57:56
125,Mask,2026-04-09 20:57:56
126,Mask,2026-04-09 20:57:56
127,Mask,2026-04-09 20:57:56
128,Mask,2026-04-09 20:57:56
129,Mask,2026-04-09 20:57:57
130,Mask,2026-04-09 20:57:57
131,Mask,2026-04-09 20:57:57
132,Mask,2026-04-09 20:57:57
133,Mask,2026-04-09 20:57:57
134,Mask,2026-04-09 20:57:57
135,Mask,2026-04-09 20:57:57
136,Mask,2026-04-09 20:57:58
137,Mask,2026-04-09 20:57:58
138,Mask,2026-04-09 20:57:58
139,Mask,2026-04-09 20:57:58
140,Mask,2026-04-09 20:57:58
141,Mask,2026-04-09 20:57:58
142,Mask,2026-04-09 20:57:58
143,Mask,2026-04-09 20:57:59
144,Mask,2026-04-09 20:57:59
145,Mask,2026-04-09 20:57:59
146,Mask,2026-04-09 20:57:59
147,Mask,2026-04-09 20:57:59
148,Mask,2026-04-09 20:57:59
149,Mask,2026-04-09 20:58:00
150,Mask,2026-04-09 20:58:00
151,Mask,2026-04-09 20:58:00
152,Mask,2026-04-09 20:58:00
153,Mask,2026-04-09 20:58:00
154,Mask,2026-04-09 20:58:00
155,Mask,2026-04-09 20:58:00
156,Mask,2026-04-09 20:58:01
157,Mask,2026-04-09 20:58:01
158,Mask,2026-04-09 20:58:01
159,Mask,2026-04-09 20:58:01
160,Mask,2026-04-09 20:58:01
161,Mask,2026-04-09 20:58:01
162,No Mask,2026-04-09 20:58:01
163,Mask,2026-04-09 20:58:02
164,No Mask,2026-04-09 20:58:02
165,Mask,2026-04-09 20:58:02
166,Mask,2026-04-09 20:58:02
167,Mask,2026-04-09 20:58:02
168,Mask,2026-04-09 20:58:02
169,Mask,2026-04-09 20:58:03
170,Mask,2026-04-09 20:58:03
171,Mask,2026-04-09 20:58:03
172,Mask,2026-04-09 20:58:03
173,Mask,2026-04-09 20:58:03
174,Mask,2026-04-09 20:58:03
175,Mask,2026-04-09 20:58:03
176,Mask,2026-04-09 20:58:04
177,Mask,2026-04-09 20:58:04
178,Mask,2026-04-09 20:58:04
179,Mask,2026-04-09 20:58:04
180,Mask,2026-04-09 20:58:04
181,Mask,2026-04-09 20:58:04
182,Mask,2026-04-09 20:58:05
183,Mask,2026-04-09 20:58:05
184,Mask,2026-04-09 20:58:05
185,Mask,2026-04-09 20:58:05
186,Mask,2026-04-09 20:58:05
187,Mask,2026-04-09 20:58:05
188,Mask,2026-04-09 20:58:06
189,Mask,2026-04-09 20:58:06
190,Mask,2026-04-09 20:58:06
191,Mask,2026-04-09 20:58:06
192,Mask,2026-04-09 20:58:06
193,Mask,2026-04-09 20:58:07
194,Mask,2026-04-09 20:58:07
195,Mask,2026-04-09 20:58:07
196,Mask,2026-04-09 20:58:07
197,Mask,2026-04-09 20:58:07
198,Mask,2026-04-09 20:58:07
199,Mask,2026-04-09 20:58:07
200,Mask,2026-04-09 20:58:08
201,Mask,2026-04-09 20:58:08
202,Mask,2026-04-09 20:58:08
203,Mask,2026-04-09 20:58:08
204,Mask,2026-04-09 20:58:08
205,Mask,2026-04-09 20:58:08
206,Mask,2026-04-09 20:58:09
207,No Mask,2026-04-09 20:58:09
208,Mask,2026-04-09 20:58:09
209,Mask,2026-04-09 20:58:09
210,Mask,2026-04-09 20:58:09
211,Mask,2026-04-09 20:58:09
212,Mask,2026-04-09 20:58:10
213,Mask,2026-04-09 20:58:10
214,Mask,2026-04-09 20:58:10
215,Mask,2026-04-09 20:58:10
216,Mask,2026-04-09 20:58:10
217,Mask,2026-04-09 20:58:10
218,Mask,2026-04-09 20:58:10
219,Mask,2026-04-09 20:58:11
220,Mask,2026-04-09 20:58:11
221,Mask,2026-04-09 20:58:11
222,Mask,2026-04-09 20:58:11
223,Mask,2026-04-09 20:58:11
224,Mask,2026-04-09 20:58:11
225,Mask,2026-04-09 20:58:12
226,Mask,2026-04-09 20:58:12
227,Mask,2026-04-09 20:58:12
228,Mask,2026-04-09 20:58:12
229,Mask,2026-04-09 20:58:12
230,Mask,2026-04-09 20:58:12
231,Mask,2026-04-09 20:58:13
232,Mask,2026-04-09 20:58:13
233,Mask,2026-04-09 20:58:13
234,Mask,2026-04-09 20:58:13
235,Mask,2026-04-09 20:58:13
236,Mask,2026-04-09 20:58:13
237,Mask,2026-04-09 20:58:14
238,Mask,2026-04-09 20:58:14
239,Mask,2026-04-09 20:58:14
240,Mask,2026-04-09 20:58:14
241,Mask,2026-04-09 20:58:14
242,Mask,2026-04-09 20:58:14
243,Mask,2026-04-09 20:58:15
244,Mask,2026-04-09 20:58:15
245,Mask,2026-04-09 20:58:15
246,Mask,2026-04-09 20:58:15
247,Mask,2026-04-09 20:58:15
248,Mask,2026-04-09 20:58:15
249,Mask,2026-04-09 20:58:16
250,Mask,2026-04-09 20:58:16
251,Mask,2026-04-09 20:58:16
252,Mask,2026-04-09 20:58:16
253,Mask,2026-04-09 20:58:16
254,Mask,2026-04-09 20:58:16
255,Mask,2026-04-09 20:58:17
256,Mask,2026-04-09 20:58:17
257,Mask,2026-04-09 20:58:17
258,Mask,2026-04-09 20:58:17
259,Mask,2026-04-09 20:58:17
260,Mask,2026-04-09 20:58:17
261,Mask,2026-04-09 20:58:17
262,Mask,2026-04-09 20:58:18
263,Mask,2026-04-09 20:58:18
264,Mask,2026-04-09 20:58:18
265,Mask,2026-04-09 20:58:18
266,Mask,2026-04-09 20:58:18
267,Mask,2026-04-09 20:58:18
268,Mask,2026-04-09 20:58:19
269,Mask,2026-04-09 20:58:19
270,Mask,2026-04-09 20:58:19
271,Mask,2026-04-09 20:58:19
272,Mask,2026-04-09 20:58:19
273,Mask,2026-04-09 20:58:19
274,Mask,2026-04-09 20:58:20
275,Mask,2026-04-09 20:58:20
276,Mask,2026-04-09 20:58:20
277,Mask,2026-04-09 20:58:20
278,Mask,2026-04-09 20:58:20
279,Mask,2026-04-09 20:58:20
280,Mask,2026-04-09 20:58:21
281,Mask,2026-04-09 20:58:21
282,Mask,2026-04-09 20:58:21
283,Mask,2026-04-09 20:58:21
284,Mask,2026-04-09 20:58:21
285,Mask,2026-04-09 20:58:21
286,Mask,2026-04-09 20:58:22
287,Mask,2026-04-09 20:58:22
288,Mask,2026-04-09 20:58:22
289,Mask,2026-04-09 20:58:22
290,Mask,2026-04-09 20:58:22
291,Mask,2026-04-09 20:58:22
292,Mask,2026-04-09 20:58:22
293,Mask,2026-04-09 20:58:23
294,Mask,2026-04-09 20:58:23
295,Mask,2026-04-09 20:58:23
296,Mask,2026-04-09 20:58:23
297,Mask,2026-04-09 20:58:23
298,Mask,2026-04-09 20:58:23
299,Mask,2026-04-09 20:58:24
300,Mask,2026-04-09 20:58:24
301,Mask,2026-04-09 20:58:24
302,Mask,2026-04-09 20:58:24
303,Mask,2026-04-09 20:58:24
304,Mask,2026-04-09 20:58:24
305,Mask,2026-04-09 20:58:25
306,Mask,2026-04-09 20:58:25
307,Mask,2026-04-09 20:58:25
308,Mask,2026-04-09 20:58:25
309,Mask,2026-04-09 20:58:25
310,Mask,2026-04-09 20:58:25
311,Mask,2026-04-09 20:58:26
312,Mask,2026-04-09 20:58:26
313,Mask,2026-04-09 20:58:26
314,Mask,2026-04-09 20:58:26
315,Mask,2026-04-09 20:58:26
316,Mask,2026-04-09 20:58:26
317,Mask,2026-04-09 20:58:27
318,Mask,2026-04-09 20:58:27
319,Mask,2026-04-09 20:58:27
320,Mask,2026-04-09 20:58:27
321,Mask,2026-04-09 20:58:27
322,Mask,2026-04-09 20:58:27
323,Mask,2026-04-09 20:58:28
324,Mask,2026-04-09 20:58:28
325,Mask,2026-04-09 20:58:28
326,Mask,2026-04-09 20:58:28
327,Mask,2026-04-09 20:58:28
328,Mask,2026-04-09 20:58:28
329,Mask,2026-04-09 20:58:29
330,Mask,2026-04-09 20:58:29
331,Mask,2026-04-09 20:58:29
332,Mask,2026-04-09 20:58:29
333,Mask,2026-04-09 20:58:29
334,Mask,2026-04-09 20:58:29
335,Mask,2026-04-09 20:58:30
336,Mask,2026-04-09 20:58:30
337,Mask,2026-04-09 20:58:30
338,Mask,2026-04-09 20:58:30
339,Mask,2026-04-09 20:58:30
340,Mask,2026-04-09 20:58:30
341,Mask,2026-04-09 20:58:31
342,Mask,2026-04-09 20:58:31
343,Mask,2026-04-09 20:58:31
344,Mask,2026-04-09 20:58:31
345,Mask,2026-04-09 20:58:31
346,Mask,2026-04-09 20:58:31
347,Mask,2026-04-09 20:58:32
348,Mask,2026-04-09 20:58:32
349,Mask,2026-04-09 20:58:32
350,Mask,2026-04-09 20:58:32
351,Mask,2026-04-09 20:58:32
352,Mask,2026-04-09 20:58:32
353,Mask,2026-04-09 20:58:33
354,Mask,2026-04-09 20:58:33
355,Mask,2026-04-09 20:58:33
356,Mask,2026-04-09 20:58:33
357,Mask,2026-04-09 20:58:33
358,Mask,2026-04-09 20:58:33
359,Mask,2026-04-09 20:58:33
360,Mask,2026-04-09 20:58:34
361,Mask,2026-04-09 20:58:34
362,Mask,2026-04-09 20:58:34
363,Mask,2026-04-09 20:58:34
364,Mask,2026-04-09 20:58:34
365,Mask,2026-04-09 20:58:34
366,Mask,2026-04-09 20:58:35
367,Mask,2026-04-09 20:58:35
368,Mask,2026-04-09 20:58:35
369,Mask,2026-04-09 20:58:35
370,Mask,2026-04-09 20:58:35
371,Mask,2026-04-09 20:58:35
372,Mask,2026-04-09 20:58:36
373,Mask,2026-04-09 20:58:36
374,Mask,2026-04-09 20:58:36
375,Mask,2026-04-09 20:58:36
376,Mask,2026-04-09 20:58:36
377,Mask,2026-04-09 20:58:36
378,Mask,2026-04-09 20:58:37
379,Mask,2026-04-09 20:58:37
380,Mask,2026-04-09 20:58:37
381,Mask,2026-04-09 20:58:37
382,Mask,2026-04-09 20:58:37
383,Mask,2026-04-09 20:58:37
384,Mask,2026-04-09 20:58:38
385,Mask,2026-04-09 20:58:38
386,Mask,2026-04-09 20:58:38
387,Mask,2026-04-09 20:58:38
388,Mask,2026-04-09 20:58:38
389,Mask,2026-04-09 20:58:38
390,Mask,2026-04-09 20:58:39
391,Mask,2026-04-09 20:58:39
392,Mask,2026-04-09 20:58:39
393,Mask,2026-04-09 20:58:39
394,Mask,2026-04-09 20:58:39
395,Mask,2026-04-09 20:58:39
396,Mask,2026-04-09 20:58:40
397,Mask,2026-04-09 20:58:40
398,Mask,2026-04-09 20:58:40
399,Mask,2026-04-09 20:58:40
400,Mask,2026-04-09 20:58:40
401,Mask,2026-04-09 20:58:40
402,Mask,2026-04-09 20:58:41
403,Mask,2026-04-09 20:58:41
404,Mask,2026-04-09 20:58:41
405,Mask,2026-04-09 20:58:41
406,Mask,2026-04-09 20:58:41
407,Mask,2026-04-09 20:58:41
408,Mask,2026-04-09 20:58:42
409,Mask,2026-04-09 20:58:42
410,Mask,2026-04-09 20:58:42
411,Mask,2026-04-09 20:58:42
412,Mask,2026-04-09 20:58:42
413,Mask,2026-04-09 20:58:42
414,Mask,2026-04-09 20:58:42
415,Mask,2026-04-09 20:58:43
416,Mask,2026-04-09 20:58:43
417,Mask,2026-04-09 20:58:43
418,Mask,2026-04-09 20:58:43
419,Mask,2026-04-09 20:58:43
420,Mask,2026-04-09 20:58:43
421,Mask,2026-04-09 20:58:44
422,Mask,2026-04-09 20:58:44
423,Mask,2026-04-09 20:58:44
424,Mask,2026-04-09 20:58:44
425,Mask,2026-04-09 20:58:44
426,Mask,2026-04-09 20:58:44
427,Mask,2026-04-09 20:58:45
428,Mask,2026-04-09 20:58:45
429,Mask,2026-04-09 20:58:45
430,Mask,2026-04-09 20:58:45
431,Mask,2026-04-09 20:58:45
432,Mask,2026-04-09 20:58:45
433,Mask,2026-04-09 20:58:46
434,Mask,2026-04-09 20:58:46
435,Mask,2026-04-09 20:58:46
436,Mask,2026-04-09 20:58:46
437,Mask,2026-04-09 20:58:46
438,Mask,2026-04-09 20:58:46
439,Mask,2026-04-09 20:58:47
440,Mask,2026-04-09 20:58:47
441,Mask,2026-04-09 20:58:47
442,Mask,2026-04-09 20:58:47
443,Mask,2026-04-09 20:58:47
444,Mask,2026-04-09 20:58:47
445,Mask,2026-04-09 20:58:47
446,Mask,2026-04-09 20:58:48
447,Mask,2026-04-09 20:58:48
448,Mask,2026-04-09 20:58:48
449,Mask,2026-04-09 20:58:48
450,Mask,2026-04-09 20:58:48
451,Mask,2026-04-09 20:58:48
452,Mask,2026-04-09 20:58:49
453,Mask,2026-04-09 20:58:49
454,Mask,2026-04-09 20:58:49
455,Mask,2026-04-09 20:58:49
456,Mask,2026-04-09 20:58:49
457,Mask,2026-04-09 20:58:49
458,Mask,2026-04-09 20:58:50
459,Mask,2026-04-09 20:58:50
460,Mask,2026-04-09 20:58:50
461,Mask,2026-04-09 20:58:50
462,Mask,2026-04-09 20:58:50
463,Mask,2026-04-09 20:58:50
464,Mask,2026-04-09 20:58:51
465,Mask,2026-04-09 20:58:51
466,Mask,2026-04-09 20:58:51
467,Mask,2026-04-09 20:58:51
468,Mask,2026-04-09 20:58:51
469,Mask,2026-04-09 20:58:51
470,Mask,2026-04-09 20:58:52
471,Mask,2026-04-09 20:58:52
472,Mask,2026-04-09 20:58:52
473,Mask,2026-04-09 20:58:52
474,Mask,2026-04-09 20:58:52
475,Mask,2026-04-09 20:58:52
476,Mask,2026-04-09 20:58:53
477,Mask,2026-04-09 20:58:53
478,Mask,2026-04-09 20:58:53
479,Mask,2026-04-09 20:58:53
480,Mask,2026-04-09 20:58:53
481,Mask,2026-04-09 20:58:53
482,Mask,2026-04-09 20:58:54
483,Mask,2026-04-09 20:58:54
484,Mask,2026-04-09 20:58:54
485,Mask,2026-04-09 20:58:54
486,Mask,2026-04-09 20:58:54
487,Mask,2026-04-09 20:58:54
488,Mask,2026-04-09 20:58:55
489,Mask,2026-04-09 20:58:55
490,Mask,2026-04-09 20:58:55
491,Mask,2026-04-09 20:58:55
492,Mask,2026-04-09 20:58:55
493,Mask,2026-04-09 20:58:55
494,Mask,2026-04-09 20:58:55
495,Mask,2026-04-09 20:58:56
496,Mask,2026-04-09 20:58:56
497,Mask,2026-04-09 20:58:56
498,Mask,2026-04-09 20:58:56
499,Mask,2026-04-09 20:58:56
500,Mask,2026-04-09 20:58:56
501,Mask,2026-04-09 20:58:57
502,Mask,2026-04-09 20:58:57
503,Mask,2026-04-09 20:58:57
504,Mask,2026-04-09 20:58:57
505,Mask,2026-04-09 20:58:57
506,Mask,2026-04-09 20:58:57
507,Mask,2026-04-09 20:58:58
508,Mask,2026-04-09 20:58:58
509,Mask,2026-04-09 20:58:58
510,Mask,2026-04-09 20:58:58
511,Mask,2026-04-09 20:58:58
512,Mask,2026-04-09 20:58:58
513,Mask,2026-04-09 20:58:59
514,Mask,2026-04-09 20:58:59
515,Mask,2026-04-09 20:58:59
516,Mask,2026-04-09 20:58:59
517,Mask,2026-04-09 20:58:59
518,Mask,2026-04-09 20:58:59
519,Mask,2026-04-09 20:59:00
520,Mask,2026-04-09 20:59:00
521,Mask,2026-04-09 20:59:00
522,Mask,2026-04-09 20:59:00
523,Mask,2026-04-09 20:59:00
524,Mask,2026-04-09 20:59:00
525,Mask,2026-04-09 20:59:01
526,Mask,2026-04-09 20:59:01
527,Mask,2026-04-09 20:59:01
528,Mask,2026-04-09 20:59:01
529,Mask,2026-04-09 20:59:01
530,Mask,2026-04-09 20:59:01
531,Mask,2026-04-09 20:59:02
532,Mask,2026-04-09 20:59:02
533,Mask,2026-04-09 20:59:02
534,Mask,2026-04-09 20:59:02
535,Mask,2026-04-09 20:59:02
536,Mask,2026-04-09 20:59:02
537,Mask,2026-04-09 20:59:02
538,Mask,2026-04-09 20:59:03
539,Mask,2026-04-09 20:59:03
540,Mask,2026-04-09 20:59:03
541,Mask,2026-04-09 20:59:03
542,Mask,2026-04-09 20:59:03
543,Mask,2026-04-09 20:59:03
544,Mask,2026-04-09 20:59:04
545,Mask,2026-04-09 20:59:04
546,Mask,2026-04-09 20:59:04
547,Mask,2026-04-09 20:59:04
548,Mask,2026-04-09 20:59:04
549,Mask,2026-04-09 20:59:04
550,Mask,2026-04-09 20:59:05
551,Mask,2026-04-09 20:59:05
552,Mask,2026-04-09 20:59:05
553,Mask,2026-04-09 20:59:05
554,Mask,2026-04-09 20:59:05
555,Mask,2026-04-09 20:59:05
556,Mask,2026-04-09 20:59:06
557,Mask,2026-04-09 20:59:06
558,Mask,2026-04-09 20:59:06
559,Mask,2026-04-09 20:59:06
560,Mask,2026-04-09 20:59:06
561,Mask,2026-04-09 20:59:07
562,Mask,2026-04-09 20:59:07
563,Mask,2026-04-09 20:59:07
564,Mask,2026-04-09 20:59:07
565,Mask,2026-04-09 20:59:07
566,Mask,2026-04-09 20:59:07
567,Mask,2026-04-09 20:59:07
568,Mask,2026-04-09 20:59:08
569,Mask,2026-04-09 20:59:08
570,Mask,2026-04-09 20:59:08
571,Mask,2026-04-09 20:59:08
572,Mask,2026-04-09 20:59:08
573,Mask,2026-04-09 20:59:08
574,Mask,2026-04-09 20:59:09
575,Mask,2026-04-09 20:59:09
576,Mask,2026-04-09 20:59:09
577,Mask,2026-04-09 20:59:09
578,Mask,2026-04-09 20:59:09
579,Mask,2026-04-09 20:59:09
580,Mask,2026-04-09 20:59:10
581,Mask,2026-04-09 20:59:10
582,Mask,2026-04-09 20:59:10
583,Mask,2026-04-09 20:59:10
584,Mask,2026-04-09 20:59:10
585,Mask,2026-04-09 20:59:10
586,Mask,2026-04-09 20:59:11
587,Mask,2026-04-09 20:59:11
588,Mask,2026-04-09 20:59:11
589,Mask,2026-04-09 20:59:11
590,Mask,2026-04-09 20:59:11
591,Mask,2026-04-09 20:59:11
592,Mask,2026-04-09 20:59:12
593,Mask,2026-04-09 20:59:12
594,Mask,2026-04-09 20:59:12
595,Mask,2026-04-09 20:59:12
596,Mask,2026-04-09 20:59:12
597,Mask,2026-04-09 20:59:12
598,Mask,2026-04-09 20:59:13
599,Mask,2026-04-09 20:59:13
600,Mask,2026-04-09 20:59:13
601,Mask,2026-04-09 20:59:13
602,Mask,2026-04-09 20:59:13
603,Mask,2026-04-09 20:59:13
604,Mask,2026-04-09 20:59:14
605,Mask,2026-04-09 20:59:14
606,Mask,2026-04-09 20:59:14
607,Mask,2026-04-09 20:59:14
608,Mask,2026-04-09 20:59:14
609,Mask,2026-04-09 20:59:14
610,Mask,2026-04-09 20:59:15
611,Mask,2026-04-09 20:59:15
612,Mask,2026-04-09 20:59:15
613,Mask,2026-04-09 20:59:15
614,Mask,2026-04-09 20:59:15
615,Mask,2026-04-09 20:59:15
616,Mask,2026-04-09 20:59:16
617,Mask,2026-04-09 20:59:16
618,Mask,2026-04-09 20:59:16
619,Mask,2026-04-09 20:59:16
620,Mask,2026-04-09 20:59:16
621,Mask,2026-04-09 20:59:16
622,Mask,2026-04-09 20:59:17
623,Mask,2026-04-09 20:59:17
624,Mask,2026-04-09 20:59:17
625,Mask,2026-04-09 20:59:17
626,Mask,2026-04-09 20:59:17
627,Mask,2026-04-09 20:59:17
628,Mask,2026-04-09 20:59:18
629,Mask,2026-04-09 20:59:18
630,Mask,2026-04-09 20:59:18
631,Mask,2026-04-09 20:59:18
632,Mask,2026-04-09 20:59:18
633,Mask,2026-04-09 20:59:18
634,Mask,2026-04-09 20:59:18
635,Mask,2026-04-09 20:59:19
636,Mask,2026-04-09 20:59:19
637,Mask,2026-04-09 20:59:19
638,Mask,2026-04-09 20:59:19
639,Mask,2026-04-09 20:59:19
640,Mask,2026-04-09 20:59:19
641,Mask,2026-04-09 20:59:20
642,Mask,2026-04-09 20:59:20
643,Mask,2026-04-09 20:59:20
644,Mask,2026-04-09 20:59:20
645,Mask,2026-04-09 20:59:20
646,Mask,2026-04-09 20:59:20
647,Mask,2026-04-09 20:59:21
648,Mask,2026-04-09 20:59:21
649,Mask,2026-04-09 20:59:21
650,Mask,2026-04-09 20:59:21
651,Mask,2026-04-09 20:59:21
652,Mask,2026-04-09 20:59:21
653,Mask,2026-04-09 20:59:22
654,Mask,2026-04-09 20:59:22
655,Mask,2026-04-09 20:59:22
656,Mask,2026-04-09 20:59:22
657,Mask,2026-04-09 20:59:22
658,Mask,2026-04-09 20:59:22
659,Mask,2026-04-09 20:59:23
660,Mask,2026-04-09 20:59:23
661,Mask,2026-04-09 20:59:23
662,Mask,2026-04-09 20:59:23
663,Mask,2026-04-09 20:59:23
664,Mask,2026-04-09 20:59:23
665,Mask,2026-04-09 20:59:23
666,Mask,2026-04-09 20:59:24
667,Mask,2026-04-09 20:59:24
668,Mask,2026-04-09 20:59:24
669,Mask,2026-04-09 20:59:24
670,Mask,2026-04-09 20:59:24
671,Mask,2026-04-09 20:59:24
672,Mask,2026-04-09 20:59:25
673,Mask,2026-04-09 20:59:25
674,Mask,2026-04-09 20:59:25
675,Mask,2026-04-09 20:59:25
676,Mask,2026-04-09 20:59:25
677,Mask,2026-04-09 20:59:25
678,Mask,2026-04-09 20:59:26
679,Mask,2026-04-09 20:59:26
680,Mask,2026-04-09 20:59:26
681,Mask,2026-04-09 20:59:26
682,Mask,2026-04-09 20:59:26
683,Mask,2026-04-09 20:59:26
684,Mask,2026-04-09 20:59:27
685,Mask,2026-04-09 20:59:27
686,Mask,2026-04-09 20:59:27
687,Mask,2026-04-09 20:59:27
688,Mask,2026-04-09 20:59:27
689,Mask,2026-04-09 20:59:27
690,Mask,2026-04-09 20:59:27
691,Mask,2026-04-09 20:59:28
692,Mask,2026-04-09 20:59:28
693,Mask,2026-04-09 20:59:28
694,Mask,2026-04-09 20:59:28
695,Mask,2026-04-09 20:59:28
696,Mask,2026-04-09 20:59:28
697,Mask,2026-04-09 20:59:29
698,Mask,2026-04-09 20:59:29
699,Mask,2026-04-09 20:59:29
700,Mask,2026-04-09 20:59:29
701,Mask,2026-04-09 20:59:29
702,No Mask,2026-04-09 20:59:29
703,Mask,2026-04-09 20:59:30
704,Mask,2026-04-09 20:59:30
705,Mask,2026-04-09 20:59:30
706,Mask,2026-04-09 20:59:30
707,Mask,2026-04-09 20:59:30
708,Mask,2026-04-09 20:59:30
709,Mask,2026-04-09 20:59:31
710,Mask,2026-04-09 20:59:31
711,Mask,2026-04-09 20:59:31
712,Mask,2026-04-09 20:59:31
713,Mask,2026-04-09 20:59:31
714,Mask,2026-04-09 20:59:31
715,Mask,2026-04-09 20:59:32
716,Mask,2026-04-09 20:59:32
717,Mask,2026-04-09 20:59:32
718,Mask,2026-04-09 20:59:32
719,Mask,2026-04-09 20:59:32
720,Mask,2026-04-09 20:59:32
721,Mask,2026-04-09 20:59:32
722,Mask,2026-04-09 20:59:33
723,Mask,2026-04-09 20:59:33
724,Mask,2026-04-09 20:59:33
725,Mask,2026-04-09 20:59:33
726,Mask,2026-04-09 20:59:34
727,No Mask,2026-04-09 20:59:34
728,Mask,2026-04-09 20:59:34
729,Mask,2026-04-09 20:59:34
730,Mask,2026-04-09 20:59:34
731,Mask,2026-04-09 20:59:34
732,Mask,2026-04-09 20:59:35
733,Mask,2026-04-09 20:59:35
734,Mask,2026-04-09 20:59:35
735,Mask,2026-04-09 20:59:35
736,Mask,2026-04-09 20:59:35
737,Mask,2026-04-09 20:59:35
738,Mask,2026-04-09 20:59:35
739,Mask,2026-04-09 20:59:36
740,Mask,2026-04-09 20:59:36
741,Mask,2026-04-09 20:59:36
742,Mask,2026-04-09 20:59:36
743,Mask,2026-04-09 20:59:36
744,Mask,2026-04-09 20:59:36
745,Mask,2026-04-09 20:59:37
746,Mask,2026-04-09 20:59:37
747,Mask,2026-04-09 20:59:37
748,Mask,2026-04-09 20:59:37
749,Mask,2026-04-09 20:59:37
750,Mask,2026-04-09 20:59:37
751,Mask,2026-04-09 20:59:38
752,Mask,2026-04-09 20:59:38
753,Mask,2026-04-09 20:59:38
754,Mask,2026-04-09 20:59:38
755,Mask,2026-04-09 20:59:38
756,Mask,2026-04-09 20:59:38
757,Mask,2026-04-09 20:59:38
758,Mask,2026-04-09 20:59:39
759,Mask,2026-04-09 20:59:39
760,Mask,2026-04-09 20:59:39
761,Mask,2026-04-09 20:59:39
762,Mask,2026-04-09 20:59:39
763,Mask,2026-04-09 20:59:39
764,Mask,2026-04-09 20:59:40
765,Mask,2026-04-09 20:59:40
766,Mask,2026-04-09 20:59:40
767,Mask,2026-04-09 20:59:40
768,Mask,2026-04-09 20:59:40
769,Mask,2026-04-09 20:59:40
770,Mask,2026-04-09 20:59:41
771,Mask,2026-04-09 20:59:41
772,Mask,2026-04-09 20:59:41
773,Mask,2026-04-09 20:59:41
774,Mask,2026-04-09 20:59:41
775,Mask,2026-04-09 20:59:41
776,Mask,2026-04-09 20:59:41
777,Mask,2026-04-09 20:59:42
778,Mask,2026-04-09 20:59:42
779,Mask,2026-04-09 20:59:42
780,Mask,2026-04-09 20:59:42
781,Mask,2026-04-09 20:59:42
782,Mask,2026-04-09 20:59:42
783,No Mask,2026-04-09 20:59:42
784,Mask,2026-04-09 20:59:43
785,Mask,2026-04-09 20:59:43
786,Mask,2026-04-09 20:59:43
787,Mask,2026-04-09 20:59:43
788,Mask,2026-04-09 20:59:43
789,Mask,2026-04-09 20:59:43
790,Mask,2026-04-09 20:59:44
791,Mask,2026-04-09 20:59:44
792,Mask,2026-04-09 20:59:44
793,Mask,2026-04-09 20:59:44
794,Mask,2026-04-09 20:59:44
795,Mask,2026-04-09 20:59:44
796,Mask,2026-04-09 20:59:45
797,Mask,2026-04-09 20:59:45
798,Mask,2026-04-09 20:59:45
799,Mask,2026-04-09 20:59:45
800,Mask,2026-04-09 20:59:45
801,Mask,2026-04-09 20:59:45
802,Mask,2026-04-09 20:59:46
803,Mask,2026-04-09 20:59:46
804,Mask,2026-04-09 20:59:46
805,Mask,2026-04-09 20:59:46
806,Mask,2026-04-09 20:59:46
807,Mask,2026-04-09 20:59:46
808,Mask,2026-04-09 20:59:46
809,Mask,2026-04-09 20:59:47
810,Mask,2026-04-09 20:59:47
811,Mask,2026-04-09 20:59:47
812,Mask,2026-04-09 20:59:47
813,Mask,2026-04-09 20:59:47
814,Mask,2026-04-09 20:59:47
815,Mask,2026-04-09 20:59:48
816,Mask,2026-04-09 20:59:48
817,Mask,2026-04-09 20:59:48
818,Mask,2026-04-09 20:59:48
819,Mask,2026-04-09 20:59:48
820,Mask,2026-04-09 20:59:48
821,Mask,2026-04-09 20:59:48
822,Mask,2026-04-09 20:59:49
823,Mask,2026-04-09 20:59:49
824,Mask,2026-04-09 20:59:49
825,Mask,2026-04-09 20:59:49
826,Mask,2026-04-09 20:59:49
827,Mask,2026-04-09 20:59:49
828,Mask,2026-04-09 20:59:50
829,Mask,2026-04-09 20:59:50
830,Mask,2026-04-09 20:59:50
831,Mask,2026-04-09 20:59:50
832,Mask,2026-04-09 20:59:50
833,Mask,2026-04-09 20:59:50
834,Mask,2026-04-09 20:59:51
835,Mask,2026-04-09 20:59:51
836,Mask,2026-04-09 20:59:51
837,Mask,2026-04-09 20:59:51
838,Mask,2026-04-09 20:59:51
839,Mask,2026-04-09 20:59:51
840,Mask,2026-04-09 20:59:52
841,Mask,2026-04-09 20:59:52
842,Mask,2026-04-09 20:59:52
843,Mask,2026-04-09 20:59:52
844,Mask,2026-04-09 20:59:52
845,Mask,2026-04-09 20:59:52
846,Mask,2026-04-09 20:59:52
847,Mask,2026-04-09 20:59:53
848,Mask,2026-04-09 20:59:53
849,Mask,2026-04-09 20:59:53
850,Mask,2026-04-09 20:59:53
851,Mask,2026-04-09 20:59:53
852,Mask,2026-04-09 20:59:53
853,Mask,2026-04-09 20:59:54
854,Mask,2026-04-09 20:59:54
855,Mask,2026-04-09 20:59:54
856,Mask,2026-04-09 20:59:54
857,Mask,2026-04-09 20:59:54
858,Mask,2026-04-09 20:59:54
859,Mask,2026-04-09 20:59:55
860,Mask,2026-04-09 20:59:55
861,Mask,2026-04-09 20:59:55
862,Mask,2026-04-09 20:59:55
863,Mask,2026-04-09 20:59:55
864,Mask,2026-04-09 20:59:55
865,Mask,2026-04-09 20:59:56
866,Mask,2026-04-09 20:59:56
867,Mask,2026-04-09 20:59:56
868,Mask,2026-04-09 20:59:56
869,Mask,2026-04-09 20:59:56
870,Mask,2026-04-09 20:59:56
871,Mask,2026-04-09 20:59:56
872,Mask,2026-04-09 20:59:57
873,Mask,2026-04-09 20:59:57
874,Mask,2026-04-09 20:59:57
875,Mask,2026-04-09 20:59:57
876,Mask,2026-04-09 20:59:57
877,Mask,2026-04-09 20:59:57
878,Mask,2026-04-09 20:59:58
879,Mask,2026-04-09 20:59:58
880,Mask,2026-04-09 20:59:58
881,Mask,2026-04-09 20:59:58
882,Mask,2026-04-09 20:59:58
883,Mask,2026-04-09 20:59:58
884,Mask,2026-04-09 20:59:59
885,Mask,2026-04-09 20:59:59
886,Mask,2026-04-09 20:59:59
887,Mask,2026-04-09 20:59:59
888,Mask,2026-04-09 20:59:59
889,Mask,2026-04-09 20:59:59
890,Mask,2026-04-09 21:00:00
891,Mask,2026-04-09 21:00:00
892,Mask,2026-04-09 21:00:00
893,Mask,2026-04-09 21:00:00
894,Mask,2026-04-09 21:00:00
895,Mask,2026-04-09 21:00:00
896,Mask,2026-04-09 21:00:00
897,Mask,2026-04-09 21:00:01
898,No Mask,2026-04-09 21:00:01
899,Mask,2026-04-09 21:00:01
900,Mask,2026-04-09 21:00:01
901,Mask,2026-04-09 21:00:01
902,Mask,2026-04-09 21:00:01
903,Mask,2026-04-09 21:00:01
904,Mask,2026-04-09 21:00:02
905,Mask,2026-04-09 21:00:02
906,Mask,2026-04-09 21:00:02
907,Mask,2026-04-09 21:00:02
908,Mask,2026-04-09 21:00:02
909,No Mask,2026-04-09 21:00:02
910,Mask,2026-04-09 21:00:02
911,Mask,2026-04-09 21:00:03
912,Mask,2026-04-09 21:00:03
913,Mask,2026-04-09 21:00:03
914,Mask,2026-04-09 21:00:03
915,Mask,2026-04-09 21:00:03
916,Mask,2026-04-09 21:00:03
917,No Mask,2026-04-09 21:00:03
918,Mask,2026-04-09 21:00:04
919,No Mask,2026-04-09 21:00:04
920,Mask,2026-04-09 21:00:04
921,Mask,2026-04-09 21:00:04
922,Mask,2026-04-09 21:00:04
923,Mask,2026-04-09 21:00:04
924,Mask,2026-04-09 21:00:04
925,Mask,2026-04-09 21:00:05
926,Mask,2026-04-09 21:00:05
927,Mask,2026-04-09 21:00:05
928,Mask,2026-04-09 21:00:05
929,Mask,2026-04-09 21:00:05
930,Mask,2026-04-09 21:00:05
931,Mask,2026-04-09 21:00:05
932,Mask,2026-04-09 21:00:06
933,Mask,2026-04-09 21:00:06
934,Mask,2026-04-09 21:00:06
935,Mask,2026-04-09 21:00:06
936,Mask,2026-04-09 21:00:06
937,No Mask,2026-04-09 21:00:06
938,Mask,2026-04-09 21:00:06
939,Mask,2026-04-09 21:00:07
940,Mask,2026-04-09 21:00:07
941,Mask,2026-04-09 21:00:07
942,Mask,2026-04-09 21:00:07
943,Mask,2026-04-09 21:00:07
944,Mask,2026-04-09 21:00:07
945,Mask,2026-04-09 21:00:08
946,Mask,2026-04-09 21:00:08
947,Mask,2026-04-09 21:00:08
948,Mask,2026-04-09 21:00:08
949,Mask,2026-04-09 21:00:08
950,Mask,2026-04-09 21:00:08
951,Mask,2026-04-09 21:00:09
952,Mask,2026-04-09 21:00:09
953,Mask,2026-04-09 21:00:09
954,Mask,2026-04-09 21:00:09
955,Mask,2026-04-09 21:00:09
956,Mask,2026-04-09 21:00:09
957,Mask,2026-04-09 21:00:09
958,Mask,2026-04-09 21:00:10
959,Mask,2026-04-09 21:00:10
960,Mask,2026-04-09 21:00:10
961,No Mask,2026-04-09 21:00:10
962,Mask,2026-04-09 21:00:10
963,Mask,2026-04-09 21:00:10
964,Mask,2026-04-09 21:00:10
965,Mask,2026-04-09 21:00:11
966,Mask,2026-04-09 21:00:11
967,Mask,2026-04-09 21:00:11
968,Mask,2026-04-09 21:00:11
969,Mask,2026-04-09 21:00:11
970,Mask,2026-04-09 21:00:11
971,Mask,2026-04-09 21:00:12
972,Mask,2026-04-09 21:00:12
973,Mask,2026-04-09 21:00:12
974,Mask,2026-04-09 21:00:12
975,Mask,2026-04-09 21:00:12
976,Mask,2026-04-09 21:00:12
977,Mask,2026-04-09 21:00:13
978,Mask,2026-04-09 21:00:13
979,Mask,2026-04-09 21:00:13
980,Mask,2026-04-09 21:00:13
981,Mask,2026-04-09 21:00:13
982,Mask,2026-04-09 21:00:13
983,Mask,2026-04-09 21:00:13
984,Mask,2026-04-09 21:00:14
985,Mask,2026-04-09 21:00:14
986,Mask,2026-04-09 21:00:14
987,Mask,2026-04-09 21:00:14
988,Mask,2026-04-09 21:00:14
989,Mask,2026-04-09 21:00:14
990,Mask,2026-04-09 21:00:15
991,Mask,2026-04-09 21:00:15
992,Mask,2026-04-09 21:00:15
993,Mask,2026-04-09 21:00:15
994,Mask,2026-04-09 21:00:15
995,Mask,2026-04-09 21:00:15
996,Mask,2026-04-09 21:00:16
997,Mask,2026-04-09 21:00:16
998,Mask,2026-04-09 21:00:16
999,Mask,2026-04-09 21:00:16
1000,Mask,2026-04-09 21:00:16
1001,Mask,2026-04-09 21:00:16
1002,Mask,2026-04-09 21:00:17
1003,Mask,2026-04-09 21:00:17
1004,Mask,2026-04-09 21:00:17
1005,Mask,2026-04-09 21:00:17
1006,Mask,2026-04-09 21:00:17
1007,Mask,2026-04-09 21:00:17
1008,Mask,2026-04-09 21:00:17
1009,Mask,2026-04-09 21:00:18
1010,Mask,2026-04-09 21:00:18
1011,Mask,2026-04-09 21:00:18
1012,Mask,2026-04-09 21:00:18
1013,Mask,2026-04-09 21:00:18
1014,Mask,2026-04-09 21:00:18
1015,Mask,2026-04-09 21:00:19
1016,Mask,2026-04-09 21:00:19
1017,Mask,2026-04-09 21:00:19
1018,Mask,2026-04-09 21:00:19
1019,Mask,2026-04-09 21:00:19
1020,Mask,2026-04-09 21:00:19
1021,Mask,2026-04-09 21:00:20
1022,Mask,2026-04-09 21:00:20
1023,Mask,2026-04-09 21:00:20
1024,Mask,2026-04-09 21:00:20
1025,Mask,2026-04-09 21:00:20
1026,Mask,2026-04-09 21:00:20
1027,Mask,2026-04-09 21:00:21
1028,Mask,2026-04-09 21:00:21
1029,Mask,2026-04-09 21:00:21
1030,Mask,2026-04-09 21:00:21
1031,Mask,2026-04-09 21:00:21
1032,Mask,2026-04-09 21:00:21
1033,Mask,2026-04-09 21:00:22
1034,Mask,2026-04-09 21:00:22
1035,Mask,2026-04-09 21:00:22
1036,Mask,2026-04-09 21:00:22
1037,Mask,2026-04-09 21:00:22
1038,Mask,2026-04-09 21:00:22
1039,Mask,2026-04-09 21:00:22
1040,Mask,2026-04-09 21:00:23
1041,Mask,2026-04-09 21:00:23
1042,Mask,2026-04-09 21:00:23
1043,Mask,2026-04-09 21:00:23
1044,Mask,2026-04-09 21:00:23
1045,Mask,2026-04-09 21:00:23
1046,Mask,2026-04-09 21:00:24
1047,Mask,2026-04-09 21:00:24
1048,Mask,2026-04-09 21:00:24
1049,Mask,2026-04-09 21:00:24
1050,Mask,2026-04-09 21:00:24
1051,Mask,2026-04-09 21:00:24
1052,Mask,2026-04-09 21:00:25
1053,Mask,2026-04-09 21:00:25
1054,Mask,2026-04-09 21:00:25
1055,Mask,2026-04-09 21:00:25
1056,Mask,2026-04-09 21:00:25
1057,Mask,2026-04-09 21:00:25
1058,Mask,2026-04-09 21:00:26
1059,Mask,2026-04-09 21:00:26
1060,Mask,2026-04-09 21:00:26
1061,Mask,2026-04-09 21:00:26
1062,Mask,2026-04-09 21:00:26
1063,Mask,2026-04-09 21:00:26
1064,Mask,2026-04-09 21:00:26
1065,Mask,2026-04-09 21:00:27
1066,Mask,2026-04-09 21:00:27
1067,Mask,2026-04-09 21:00:27
1068,Mask,2026-04-09 21:00:27
1069,Mask,2026-04-09 21:00:27
1070,Mask,2026-04-09 21:00:28
1071,Mask,2026-04-09 21:00:28
1072,Mask,2026-04-09 21:00:28
1073,Mask,2026-04-09 21:00:28
1074,Mask,2026-04-09 21:00:28
1075,Mask,2026-04-09 21:00:28
1076,Mask,2026-04-09 21:00:28
1077,Mask,2026-04-09 21:00:29
1078,Mask,2026-04-09 21:00:29
1079,Mask,2026-04-09 21:00:29
1080,Mask,2026-04-09 21:00:29
1081,Mask,2026-04-09 21:00:29
1082,Mask,2026-04-09 21:00:29
1083,Mask,2026-04-09 21:00:30
1084,Mask,2026-04-09 21:00:30
1085,Mask,2026-04-09 21:00:30
1086,Mask,2026-04-09 21:00:30
1087,Mask,2026-04-09 21:00:30
1088,Mask,2026-04-09 21:00:30
1089,Mask,2026-04-09 21:00:31
1090,Mask,2026-04-09 21:00:31
1091,Mask,2026-04-09 21:00:31
1092,No Mask,2026-04-09 21:00:31
1093,No Mask,2026-04-09 21:00:31
1094,Mask,2026-04-09 21:00:31
1095,No Mask,2026-04-09 21:00:31
1096,Mask,2026-04-09 21:00:31
1097,Mask,2026-04-09 21:00:32
1098,Mask,2026-04-09 21:00:32
1099,Mask,2026-04-09 21:00:33
1100,Mask,2026-04-09 21:00:33
1101,Mask,2026-04-09 21:00:34
1102,Mask,2026-04-09 21:00:34
1103,Mask,2026-04-09 21:00:34
1104,Mask,2026-04-09 21:00:34
1105,Mask,2026-04-09 21:00:34
1106,No Mask,2026-04-09 21:00:34
1107,Mask,2026-04-09 21:00:35
1108,Mask,2026-04-09 21:00:35
1109,Mask,2026-04-09 21:00:35
1110,Mask,2026-04-09 21:00:35
1111,Mask,2026-04-09 21:00:35
1112,No Mask,2026-04-09 21:00:35
1113,No Mask,2026-04-09 21:00:35
1114,No Mask,2026-04-09 21:00:36
1115,Mask,2026-04-09 21:00:36
1116,Mask,2026-04-09 21:00:36
1117,Mask,2026-04-09 21:00:37
1118,Mask,2026-04-09 21:00:37
1119,Mask,2026-04-09 21:00:37
1120,Mask,2026-04-09 21:00:37
1121,Mask,2026-04-09 21:00:38
1122,Mask,2026-04-09 21:00:38
1123,Mask,2026-04-09 21:00:38
1124,Mask,2026-04-09 21:00:38
1125,Mask,2026-04-09 21:00:38
1126,No Mask,2026-04-09 21:00:38
1127,Mask,2026-04-09 21:00:38
1128,Mask,2026-04-09 21:00:39
1129,Mask,2026-04-09 21:00:39
1130,Mask,2026-04-09 21:00:39
1131,Mask,2026-04-09 21:00:39
1132,Mask,2026-04-09 21:00:39
1133,Mask,2026-04-09 21:00:39
1134,Mask,2026-04-09 21:00:40
1135,Mask,2026-04-09 21:00:40
1136,Mask,2026-04-09 21:00:40
1137,Mask,2026-04-09 21:00:40
1138,Mask,2026-04-09 21:00:40
1139,Mask,2026-04-09 21:00:41
1140,Mask,2026-04-09 21:00:41
1141,Mask,2026-04-09 21:00:41
1142,Mask,2026-04-09 21:00:41
1143,Mask,2026-04-09 21:00:42
1144,No Mask,2026-04-09 21:00:42
1145,Mask,2026-04-09 21:00:42
1146,Mask,2026-04-09 21:00:42
1147,Mask,2026-04-09 21:00:42
1148,Mask,2026-04-09 21:00:42
1149,Mask,2026-04-09 21:00:43
1150,No Mask,2026-04-09 21:00:43
1151,Mask,2026-04-09 21:00:43
1152,Mask,2026-04-09 21:00:43
1153,Mask,2026-04-09 21:00:43
1154,Mask,2026-04-09 21:00:43
1155,Mask,2026-04-09 21:00:43
1156,Mask,2026-04-09 21:00:44
1157,Mask,2026-04-09 21:00:44
1158,No Mask,2026-04-09 21:00:44
1159,Mask,2026-04-09 21:00:44
1160,No Mask,2026-04-09 21:00:44
1161,Mask,2026-04-09 21:00:44
1162,Mask,2026-04-09 21:00:44
1163,Mask,2026-04-09 21:00:44
1164,Mask,2026-04-09 21:00:44
1165,Mask,2026-04-09 21:00:45
1166,Mask,2026-04-09 21:00:45
1167,Mask,2026-04-09 21:00:45
1168,Mask,2026-04-09 21:00:45
1169,Mask,2026-04-09 21:00:45
1170,Mask,2026-04-09 21:00:45
1171,Mask,2026-04-09 21:00:46
1172,Mask,2026-04-09 21:00:46
1173,Mask,2026-04-09 21:00:46
1174,Mask,2026-04-09 21:00:46
1175,Mask,2026-04-09 21:00:46
1176,Mask,2026-04-09 21:00:46
1177,Mask,2026-04-09 21:00:47
1178,Mask,2026-04-09 21:00:47
1179,Mask,2026-04-09 21:00:47
1180,Mask,2026-04-09 21:00:47
1181,Mask,2026-04-09 21:00:47
1182,Mask,2026-04-09 21:00:47
1183,Mask,2026-04-09 21:00:48
1184,Mask,2026-04-09 21:00:48
1185,Mask,2026-04-09 21:00:48
1186,Mask,2026-04-09 21:00:48
1187,Mask,2026-04-09 21:00:48
1188,Mask,2026-04-09 21:00:48
1189,Mask,2026-04-09 21:00:48
1190,Mask,2026-04-09 21:00:49
1191,Mask,2026-04-09 21:00:49
1192,Mask,2026-04-09 21:00:49
1193,Mask,2026-04-09 21:00:49
1194,Mask,2026-04-09 21:00:49
1195,Mask,2026-04-09 21:00:49
1196,Mask,2026-04-09 21:00:50
1197,Mask,2026-04-09 21:00:50
1198,Mask,2026-04-09 21:00:50
1199,Mask,2026-04-09 21:00:50
1200,Mask,2026-04-09 21:00:50
1201,Mask,2026-04-09 21:00:50
1202,Mask,2026-04-09 21:00:51
1203,Mask,2026-04-09 21:00:51
1204,Mask,2026-04-09 21:00:51
1205,Mask,2026-04-09 21:00:51
1206,Mask,2026-04-09 21:00:51
1207,Mask,2026-04-09 21:00:51
1208,Mask,2026-04-09 21:00:52
1209,Mask,2026-04-09 21:00:52
1210,Mask,2026-04-09 21:00:52
1211,Mask,2026-04-09 21:00:52
1212,Mask,2026-04-09 21:00:52
1213,Mask,2026-04-09 21:00:52
1214,Mask,2026-04-09 21:00:52
1215,Mask,2026-04-09 21:00:53
1216,Mask,2026-04-09 21:00:53
1217,Mask,2026-04-09 21:00:53
1218,Mask,2026-04-09 21:00:54
1219,Mask,2026-04-09 21:00:54
1220,Mask,2026-04-09 21:00:54
1221,Mask,2026-04-09 21:00:54
1222,Mask,2026-04-09 21:00:55
1223,Mask,2026-04-09 21:00:55
1224,No Mask,2026-04-09 21:00:55
1225,Mask,2026-04-09 21:00:55
1226,Mask,2026-04-09 21:00:56
1227,Mask,2026-04-09 21:00:56
1228,No Mask,2026-04-09 21:00:56
1229,Mask,2026-04-09 21:00:56
1230,Mask,2026-04-09 21:00:56
1231,Mask,2026-04-09 21:00:57
1232,Mask,2026-04-09 21:00:57
1233,Mask,2026-04-09 21:00:57
1234,Mask,2026-04-09 21:00:57
1235,Mask,2026-04-09 21:00:58
1236,Mask,2026-04-09 21:00:58
1237,Mask,2026-04-09 21:00:58
1238,Mask,2026-04-09 21:00:58
1239,Mask,2026-04-09 21:00:59
1240,Mask,2026-04-09 21:00:59
1241,Mask,2026-04-09 21:00:59
1242,Mask,2026-04-09 21:00:59
1243,Mask,2026-04-09 21:01:00
1244,Mask,2026-04-09 21:01:00
1245,Mask,2026-04-09 21:01:00
1246,Mask,2026-04-09 21:01:00
1247,Mask,2026-04-09 21:01:01
1248,Mask,2026-04-09 21:01:01
1249,Mask,2026-04-09 21:01:01
1250,Mask,2026-04-09 21:01:01
1251,Mask,2026-04-09 21:01:02
1252,Mask,2026-04-09 21:01:02
1253,Mask,2026-04-09 21:01:02
1254,Mask,2026-04-09 21:01:03
1255,Mask,2026-04-09 21:01:03
1256,Mask,2026-04-09 21:01:03
1257,Mask,2026-04-09 21:01:03
1258,Mask,2026-04-09 21:01:03
1259,Mask,2026-04-09 21:01:04
1260,Mask,2026-04-09 21:01:04
1261,Mask,2026-04-09 21:01:04
1262,Mask,2026-04-09 21:01:04
1263,Mask,2026-04-09 21:01:05
1264,Mask,2026-04-09 21:01:05
1265,Mask,2026-04-09 21:01:05
1266,Mask,2026-04-09 21:01:05
1267,Mask,2026-04-09 21:01:06
1268,Mask,2026-04-09 21:01:06
1269,Mask,2026-04-09 21:01:06
1270,Mask,2026-04-09 21:01:06
1271,Mask,2026-04-09 21:01:07
1272,Mask,2026-04-09 21:01:07
1273,Mask,2026-04-09 21:01:07
1274,Mask,2026-04-09 21:01:07
1275,Mask,2026-04-09 21:01:08
1276,Mask,2026-04-09 21:01:08
1277,Mask,2026-04-09 21:01:08
1278,Mask,2026-04-09 21:01:08
1279,Mask,2026-04-09 21:01:09
1280,Mask,2026-04-09 21:01:09
1281,Mask,2026-04-09 21:01:09
1282,Mask,2026-04-09 21:01:09
1283,Mask,2026-04-09 21:01:10
1284,Mask,2026-04-09 21:01:10
1285,Mask,2026-04-09 21:01:10
1286,Mask,2026-04-09 21:01:10
1287,Mask,2026-04-09 21:01:11
1288,Mask,2026-04-09 21:01:11
1289,Mask,2026-04-09 21:01:11
1290,Mask,2026-04-09 21:01:11
1291,Mask,2026-04-09 21:01:12
1292,Mask,2026-04-09 21:01:12
1293,Mask,2026-04-09 21:01:12
1294,Mask,2026-04-09 21:01:12
1295,Mask,2026-04-09 21:01:13
1296,Mask,2026-04-09 21:01:13
1297,Mask,2026-04-09 21:01:13
1298,Mask,2026-04-09 21:01:13
1299,Mask,2026-04-09 21:01:13
1300,Mask,2026-04-09 21:01:14
1301,Mask,2026-04-09 21:01:14
1302,Mask,2026-04-09 21:01:14
1303,Mask,2026-04-09 21:01:14
1304,Mask,2026-04-09 21:01:14
1305,Mask,2026-04-09 21:01:14
1306,Mask,2026-04-09 21:01:15
1307,Mask,2026-04-09 21:01:15
1308,Mask,2026-04-09 21:01:15
1309,Mask,2026-04-09 21:14:18
1310,Mask,2026-04-09 21:14:28
1311,Mask,2026-04-09 21:14:31
1312,No Mask,2026-04-09 21:23:24
1313,No Mask,2026-04-09 21:23:29
1314,No Mask,2026-04-09 21:23:33
1315,No Mask,2026-04-09 21:23:44
1316,No Mask,2026-04-09 21:24:18
1317,No Mask,2026-04-09 21:24:28
1318,No Mask,2026-04-09 21:25:04
1319,No Mask,2026-04-09 21:25:15
1320,No Mask,2026-04-09 21:25:16
1321,No Mask,2026-04-09 21:25:23
1322,No Mask,2026-04-09 21:25:23
1323,No Mask,2026-04-09 21:25:33
1324,No Mask,2026-04-09 21:25:33
1325,Incorrect Mask,2026-04-09 22:41:44
1326,Incorrect Mask,2026-04-09 22:41:51
1327,Incorrect Mask,2026-04-09 22:42:00
1328,Incorrect Mask,2026-04-09 22:42:17
1329,Incorrect Mask,2026-04-09 22:42:23
1330,Incorrect Mask,2026-04-09 22:42:29
1331,Incorrect Mask,2026-04-09 22:43:00
